"2017-Jun-30,14:31:22",degrees C,degrees C,raw signal,Volts,gal/min,L/min,raw signal,Volts,gal/min,L/min,raw signal,Volts,gal/min,L/min,raw signal,Volts,psi,bar,raw signal,Volts,psi,bar,raw signal,Volts,psi,bar,L/m2/hr,bar,%,L/min
Time(s),T1,T2,F1,F1,F1,F1,F2,F2,F2,F2,F3,F3,F3,F3,P1,P1,P1,P1,P2,P2,P2,P2,P3,P3,P3,P3,Jp,TMP,Recovery,Total Flow Rate
3.769533157348633,20.125,19.937,0.31611111760139465,0.5690000116825104,0.4422270243346692,1.6740106001867003,0.601111114025116,1.0820000052452088,1.5108060109257702,5.71902018181852,0.24888889491558075,0.44800001084804536,1.265104150494933,4.788937902325024,0.2933333218097687,0.5279999792575837,15.52840650735498,1.0706463605065082,0.23111110925674438,0.4159999966621399,4.815927764737609,0.33204666115202275,0.25833332538604736,0.46499998569488527,12.76308897252083,0.8799843532417772,6166.102856820242,9.329819975200296,22.643089817254303,1.9530330352604395
10.978244066238403,20.125,19.937,0.5722222328186035,1.0300000190734864,1.4024900397300724,5.308999821294614,0.6494444608688354,1.1690000295639038,1.6920270615816118,6.405016159181649,0.2455555498600006,0.4419999897480011,1.1818658577740182,4.473846836676347,0.29277777671813965,0.5269999980926514,15.456446862745288,1.065684915713817,0.22333332896232605,0.4019999921321869,3.829165445452933,0.26401176746691063,0.2588889002799988,0.4660000205039978,12.834917472720146,0.8849367559421195,19555.335528515698,10.316516722279784,45.32177376352497,3.094517101311684
18.191943168640137,20.125,19.937,0.5733333230018616,1.031999981403351,1.4066559612631804,5.324769542325256,0.6422222256660461,1.156000006198883,1.6649480129122738,6.302510857558251,0.2477777749300003,0.44599999487400055,1.2373579288870094,4.683907077588175,0.2894444465637207,0.5210000038146972,15.024681274509426,1.035915714642366,0.22722221910953522,0.4089999943971634,4.322546605095269,0.29802921430946655,0.26055556535720825,0.4690000176429749,13.050395267224314,0.899793432726475,19613.42221081476,9.714991665771601,45.79548578168463,3.071603974175454
25.40023708343506,20.125,19.937,0.5711110830307007,1.0279999494552612,1.3983238947153094,5.293229254294279,0.6455555558204651,1.1620000004768372,1.677446000993252,6.349820866619866,0.23444443941116333,0.421999990940094,0.9044058743119239,3.4235470406790998,0.29277777671813965,0.5269999980926514,15.456446862745288,1.065684915713817,0.2294444441795349,0.41299999952316285,4.604478966391088,0.3174677739831462,0.2633333206176758,0.4739999771118164,13.409522356033325,0.9245543835948432,19497.245730145492,9.828505642998218,45.46256521550287,3.0757698957085613
32.619038105010986,20.125,19.937,0.5777778029441833,1.0400000452995302,1.4233200943589215,5.387850118387205,0.6394444704055786,1.1510000467300416,1.654533097338677,6.263086131996801,0.24944444000720978,0.44899999201297763,1.2789768891960378,4.8414519061315735,0.2922222316265106,0.5260000169277191,15.384487218135597,1.0607234709211257,0.23000000417232513,0.41400000751018523,4.674962529340387,0.32232744648794925,0.26499998569488525,0.4769999742507935,13.625000150537492,0.9394110603791987,19845.775172153277,9.829781154996157,46.243924115623116,3.0778531916975984
39.82799410820007,20.125,19.937,0.5811111330986023,1.0460000395774842,1.4358180824399,5.435160127448822,0.6344444155693054,1.1419999480247498,1.635785891735554,6.192120272434684,0.25,0.45,1.2928499999999996,4.893967318499999,0.2888889014720917,0.5200000226497651,14.952721629899749,1.0309542698496759,0.22611111402511597,0.40700000524520874,4.181581369698051,0.28830999964539333,0.25555557012557983,0.4600000262260437,12.403961883711812,0.8552234023734085,20020.038335121597,9.496760387107729,46.74489597329464,3.071603974175454
47.037111043930054,20.125,19.937,0.5827777981758118,1.0490000367164611,1.442067076480389,5.458815131979629,0.6322222352027893,1.1380000233650207,1.6274540486693385,6.160580830373401,0.25055554509162903,0.4509999811649323,1.3067227387011053,4.946481322306552,0.29055556654930115,0.5230000197887421,15.168604424017673,1.045838870385401,0.2294444441795349,0.41299999952316285,4.604478966391088,0.3174677739831462,0.26055556535720825,0.4690000176429749,13.050395267224314,0.899793432726475,20107.16991660575,9.505020879229905,46.98019716056024,3.0695211251497274
54.263745069503784,20.125,19.937,0.5905555486679077,1.062999987602234,1.4712289741754536,5.569204871133504,0.6349999904632568,1.1429999828338624,1.6378689642429358,6.200005555934852,0.24888889491558075,0.44800001084804536,1.265104150494933,4.788937902325024,0.28611111640930176,0.5150000095367432,14.592915686273578,1.0061465135709162,0.22833333909511566,0.4110000103712082,4.463513730993871,0.30774855931907297,0.25833332538604736,0.46499998569488527,12.76308897252083,0.8799843532417772,20513.782924841442,9.214488598403333,47.320123177717385,3.1090979384183894
61.468759059906006,20.125,19.937,0.5922222137451172,1.065999984741211,1.477477968215943,5.592859875664312,0.6299999952316284,1.1339999914169312,1.619121982121468,6.129040542342426,0.2477777749300003,0.44599999487400055,1.2373579288870094,4.683907077588175,0.2922222316265106,0.5260000169277191,15.384487218135597,1.0607234709211257,0.23555555939674377,0.4240000069141388,5.379792487329247,0.370923780499382,0.2616666555404663,0.4709999799728394,13.194044561529157,0.9096977068104877,20600.9145063256,8.90947340250313,47.71291067336465,3.096599950337411
68.67363810539246,20.125,19.937,0.5899999737739563,1.0619999527931214,1.4691459016680724,5.561319587633338,0.6272222399711609,1.1290000319480897,1.608707066547871,6.089615816780977,0.24722221493721008,0.44499998688697817,1.2234848180830475,4.631391665219749,0.2805555462837219,0.5049999833106995,13.87330379902125,0.9565310010133976,0.2316666692495346,0.4170000046491623,4.886411327686911,0.3369063336568261,0.2544444501399994,0.45800001025199893,12.26030873636007,0.8453188626310595,20484.73802565634,8.18039494000375,47.73281624689346,3.0778529682159435
75.87874507904053,20.125,19.937,0.5888888835906982,1.0599999904632569,1.4649799801349643,5.545549866602696,0.6277777552604675,1.1299999594688417,1.6107899155735974,6.097500254311452,0.24833333492279053,0.447000002861023,1.2512310396909712,4.736422489956599,0.2894444465637207,0.5210000038146972,15.024681274509426,1.035915714642366,0.2294444441795349,0.41299999952316285,4.604478966391088,0.3174677739831462,0.25777778029441833,0.464000004529953,12.691264325368405,0.8750322161997706,20426.651343357284,9.253493833547827,47.62970019893112,3.0757698957085617
83.0840961933136,20.125,19.937,0.5899999737739563,1.0619999527931214,1.4691459016680724,5.561319587633338,0.6266666650772095,1.1279999971389771,1.6066239940404898,6.081730533280811,0.25055554509162903,0.4509999811649323,1.3067227387011053,4.946481322306552,0.28999999165534973,0.5219999849796295,15.096640919119118,1.0408771594350572,0.22777777910232544,0.4100000023841858,4.393030168044572,0.3028888868142699,0.25833332538604736,0.46499998569488527,12.76308897252083,0.8799843532417772,20484.73802565634,9.536834777775402,47.76514341069154,3.075769895708562
90.29085803031921,20.125,19.937,0.5905555486679077,1.062999987602234,1.4712289741754536,5.569204871133504,0.6255555748939514,1.1260000348091126,1.6024580725073818,6.065960812250168,0.24888889491558075,0.44800001084804536,1.265104150494933,4.788937902325024,0.2911111116409302,0.5240000009536744,15.240564068627364,1.050800315178092,0.23111110925674438,0.4159999966621399,4.815927764737609,0.33204666115202275,0.2527777850627899,0.45500001311302185,12.044830941855903,0.8304621858467041,20513.782924841442,8.826769740504025,47.86528204825614,3.0736870466828354
97.50067520141602,20.125,19.937,0.5899999737739563,1.0619999527931214,1.4691459016680724,5.561319587633338,0.6266666650772095,1.1279999971389771,1.6066239940404898,6.081730533280811,0.2477777749300003,0.44599999487400055,1.2373579288870094,4.683907077588175,0.28611111640930176,0.5150000095367432,14.592915686273578,1.0061465135709162,0.23222222924232483,0.4180000126361847,4.956894890636207,0.3417660061616289,0.2522222101688385,0.4539999783039093,11.973002441656586,0.8255097831463616,20484.73802565634,8.326064173328875,47.76514341069154,3.075769895708562
104.70882821083069,20.125,19.937,0.5916666388511658,1.0649999499320983,1.4753948957085612,5.584974592164145,0.6266666650772095,1.1279999971389771,1.6066239940404898,6.081730533280811,0.25,0.45,1.2928499999999996,4.893967318499999,0.28777778148651123,0.5180000066757202,14.808798480391502,1.021031114106641,0.22777777910232544,0.4100000023841858,4.393030168044572,0.3028888868142699,0.25777778029441833,0.464000004529953,12.691264325368405,0.8750322161997706,20571.869607140496,9.357001234835382,47.87105298464582,3.082018889749051
111.91359519958496,20.125,19.937,0.5844444632530212,1.0520000338554383,1.4483160705208782,5.482470136510438,0.620555579662323,1.1170000433921814,1.583711090385914,5.994995798657743,0.24722221493721008,0.44499998688697817,1.2234848180830475,4.631391665219749,0.29055556654930115,0.5230000197887421,15.168604424017673,1.045838870385401,0.2294444441795349,0.41299999952316285,4.604478966391088,0.3174677739831462,0.2761111259460449,0.49700002670288085,15.061523917961114,1.0384559264860156,20194.30149808991,10.510585204598305,47.76725252315116,3.032027160906792
119.12080001831055,20.125,19.937,0.5916666388511658,1.0649999499320983,1.4753948957085612,5.584974592164145,0.6227777600288391,1.1209999680519105,1.59204293345213,6.026535240719028,0.24666666984558105,0.4440000057220459,1.2096120793819427,4.5788776614132,0.29555556178092957,0.5320000112056732,15.816252806371452,1.0904926719925763,0.22499999403953552,0.40499998927116393,4.04061424379945,0.2785906546357869,0.2566666603088379,0.46199998855590824,12.547611178016663,0.8651276764574216,20571.869607140496,10.141317748394608,48.098607954908644,3.067437829160691
126.32665801048279,20.125,19.937,0.5877777934074402,1.0580000281333923,1.4608140586018568,5.5297801455720546,0.6255555748939514,1.1260000348091126,1.6024580725073818,6.065960812250168,0.2477777749300003,0.44599999487400055,1.2373579288870094,4.683907077588175,0.2933333218097687,0.5279999792575837,15.52840650735498,1.0706463605065082,0.23555555939674377,0.4240000069141388,5.379792487329247,0.370923780499382,0.2594444453716278,0.4670000016689301,12.906742119872572,0.8898888929841261,20368.564661058226,8.837781826284528,47.68802757569184,3.0632721311092386
133.53108620643616,20.125,19.937,0.5938888788223267,1.068999981880188,1.4837269622564322,5.616514880195121,0.6272222399711609,1.1290000319480897,1.608707066547871,6.089615816780977,0.24833333492279053,0.447000002861023,1.2512310396909712,4.736422489956599,0.2916666567325592,0.5249999821186065,15.312523713237049,1.0557617599707827,0.23555555939674377,0.4240000069141388,5.379792487329247,0.370923780499382,0.2572222352027893,0.4630000233650208,12.61943967821598,0.870080079157764,20688.04608780976,8.586189208397267,47.97925997568066,3.0924340288043033
140.73818707466125,20.125,19.937,0.5866666436195374,1.0559999585151674,1.4566479135870938,5.514009578571721,0.6272222399711609,1.1290000319480897,1.608707066547871,6.089615816780977,0.2477777749300003,0.44599999487400055,1.2373579288870094,4.683907077588175,0.2911111116409302,0.5240000009536744,15.240564068627364,1.050800315178092,0.23277777433395386,0.41899999380111697,5.027376563084129,0.34662554832089926,0.2594444453716278,0.4670000016689301,12.906742119872572,0.8898888929841261,20310.474862688025,9.046276531165839,47.51971380237857,3.065354980134965
147.94708704948425,20.125,19.937,0.5894444584846497,1.0610000252723695,1.467063052642346,5.553435150102864,0.6211110949516296,1.1179999709129333,1.5857939394116407,6.002880236188219,0.2477777749300003,0.44599999487400055,1.2373579288870094,4.683907077588175,0.29277777671813965,0.5269999980926514,15.456446862745288,1.065684915713817,0.23333333432674408,0.42000000178813934,5.097860126033428,0.3514852208257024,0.25999999046325684,0.4679999828338623,12.97856676702499,0.8948410300261321,20455.696242542388,9.119646688851711,48.05541355067845,3.0528569920539868
155.15615606307983,20.125,19.937,0.5877777934074402,1.0580000281333923,1.4608140586018568,5.5297801455720546,0.620555579662323,1.1170000433921814,1.583711090385914,5.994995798657743,0.25,0.45,1.2928499999999996,4.893967318499999,0.2894444465637207,0.5210000038146972,15.024681274509426,1.035915714642366,0.23111110925674438,0.4159999966621399,4.815927764737609,0.33204666115202275,0.25833332538604736,0.46499998569488527,12.76308897252083,0.8799843532417772,20368.564661058226,9.07795735877752,47.98167159458483,3.0445251489877707
162.36428117752075,20.125,19.937,0.5905555486679077,1.062999987602234,1.4712289741754536,5.569204871133504,0.6211110949516296,1.1179999709129333,1.5857939394116407,6.002880236188219,0.25,0.45,1.2928499999999996,4.893967318499999,0.2894444465637207,0.5210000038146972,15.024681274509426,1.035915714642366,0.22722221910953522,0.4089999943971634,4.322546605095269,0.29802921430946655,0.25777778029441833,0.464000004529953,12.691264325368405,0.8750322161997706,20513.782924841442,9.535426194843646,48.126200416637424,3.0570229135870943
169.56781816482544,20.125,19.937,0.5888888835906982,1.0599999904632569,1.4649799801349643,5.545549866602696,0.6211110949516296,1.1179999709129333,1.5857939394116407,6.002880236188219,0.24944444000720978,0.44899999201297763,1.2789768891960378,4.8414519061315735,0.28777778148651123,0.5180000066757202,14.808798480391502,1.021031114106641,0.22611111402511597,0.40700000524520874,4.181581369698051,0.28830999964539333,0.2588889002799988,0.4660000205039978,12.834917472720146,0.8849367559421195,20426.651343357284,9.640276606857773,48.01994571766512,3.050773919546605
176.77319502830505,20.125,19.937,0.5911111235618591,1.0640000224113464,1.4733120466828349,5.57709015463367,0.6183333396911621,1.1130000114440919,1.5753790238380438,5.96345551062677,0.25055554509162903,0.4509999811649323,1.3067227387011053,4.946481322306552,0.2911111116409302,0.5240000009536744,15.240564068627364,1.050800315178092,0.23111110925674438,0.4159999966621399,4.815927764737609,0.33204666115202275,0.253888875246048,0.45699997544288634,12.188480236160753,0.8403664599307171,20542.827824026546,8.89859438765645,48.32605247966678,3.0486910705208787
183.97806119918823,20.125,19.937,0.5883333086967468,1.0589999556541443,1.462896907627583,5.537664583102529,0.6155555844306946,1.1080000519752502,1.5649641082644465,5.924030785065319,0.25,0.45,1.2928499999999996,4.893967318499999,0.28777778148651123,0.5180000066757202,14.808798480391502,1.021031114106641,0.23055554926395416,0.4149999886751175,4.74544420178831,0.3271869886472196,0.25555557012557983,0.4600000262260437,12.403961883711812,0.8552234023734085,20397.606444172183,8.860935980263347,48.31453293098406,3.0278610158920296
191.1814670562744,20.125,19.937,0.5905555486679077,1.062999987602234,1.4712289741754536,5.569204871133504,0.6238889098167419,1.1230000376701355,1.5962090784668925,6.04230580771936,0.24666666984558105,0.4440000057220459,1.2096120793819427,4.5788776614132,0.29055556654930115,0.5230000197887421,15.168604424017673,1.045838870385401,0.23000000417232513,0.41400000751018523,4.674962529340387,0.32232744648794925,0.2572222352027893,0.4630000233650208,12.61943967821598,0.870080079157764,20513.782924841442,9.219059521776439,47.962793345023236,3.067438052642346
198.39701318740845,20.125,19.937,0.5888888835906982,1.0599999904632569,1.4649799801349643,5.545549866602696,0.6188889145851135,1.1140000462532045,1.5774620963454251,5.971340794126936,0.24833333492279053,0.447000002861023,1.2512310396909712,4.736422489956599,0.2866666615009308,0.5159999907016755,14.66487533088327,1.0111079583636073,0.2316666692495346,0.4170000046491623,4.886411327686911,0.3369063336568261,0.2616666555404663,0.4709999799728394,13.194044561529157,0.9096977068104877,20426.651343357284,9.043048618519302,48.151450161039975,3.0424420764803894
205.60695505142212,20.125,19.937,0.5922222137451172,1.065999984741211,1.477477968215943,5.592859875664312,0.6233333349227905,1.122000002861023,1.5941260059595113,6.034420524219194,0.25,0.45,1.2928499999999996,4.893967318499999,0.28999999165534973,0.5219999849796295,15.096640919119118,1.0408771594350572,0.23499999940395355,0.4229999989271164,5.309308924379948,0.3660641079945789,0.2572222352027893,0.4630000233650208,12.61943967821598,0.870080079157764,20600.9145063256,8.5487313742876,48.10118689251141,3.071603974175454
212.8130190372467,20.125,19.937,0.5894444584846497,1.0610000252723695,1.467063052642346,5.553435150102864,0.6227777600288391,1.1209999680519105,1.59204293345213,6.026535240719028,0.25055554509162903,0.4509999811649323,1.3067227387011053,4.946481322306552,0.28833332657814026,0.5189999878406525,14.880758125001194,1.0259925588993322,0.22777777910232544,0.4100000023841858,4.393030168044572,0.3028888868142699,0.25777778029441833,0.464000004529953,12.691264325368405,0.8750322161997706,20455.696242542388,9.392981057140227,47.95724827158826,3.059105986094476
220.02125120162964,20.125,19.937,0.5883333086967468,1.0589999556541443,1.462896907627583,5.537664583102529,0.6166666746139526,1.1100000143051147,1.5691300297975546,5.9398005060959616,0.25111111998558044,0.4520000159740448,1.3205962216079232,4.998998143236848,0.28833332657814026,0.5189999878406525,14.880758125001194,1.0259925588993322,0.23111110925674438,0.4159999966621399,4.815927764737609,0.33204666115202275,0.2566666603088379,0.46199998855590824,12.547611178016663,0.8651276764574216,20397.606444172183,8.89825688677132,48.24815009295091,3.0320269374251376
227.22921705245972,20.125,19.937,0.5905555486679077,1.062999987602234,1.4712289741754536,5.569204871133504,0.6166666746139526,1.1100000143051147,1.5691300297975546,5.9398005060959616,0.24833333492279053,0.447000002861023,1.2512310396909712,4.736422489956599,0.2944444417953491,0.5299999952316284,15.672329656863212,1.080569516249542,0.2294444441795349,0.41299999952316285,4.604478966391088,0.3174677739831462,0.2588889002799988,0.4660000205039978,12.834917472720146,0.8849367559421195,20513.782924841442,9.649144598400591,48.38997540267172,3.040359003973008
234.43540120124817,20.125,19.937,0.5866666436195374,1.0559999585151674,1.4566479135870938,5.514009578571721,0.6166666746139526,1.1100000143051147,1.5691300297975546,5.9398005060959616,0.24888889491558075,0.44800001084804536,1.265104150494933,4.788937902325024,0.28833332657814026,0.5189999878406525,14.880758125001194,1.0259925588993322,0.2338888943195343,0.4210000097751618,5.1683436889827306,0.3563448933305057,0.253888875246048,0.45699997544288634,12.188480236160753,0.8403664599307171,20310.474862688025,8.366275491598243,48.141269479864114,3.0257779433846483
241.64816808700562,20.125,19.937,0.5888888835906982,1.0599999904632569,1.4649799801349643,5.545549866602696,0.6222222447395325,1.1200000405311585,1.5899600844264037,6.018650803188553,0.24888889491558075,0.44800001084804536,1.265104150494933,4.788937902325024,0.2866666615009308,0.5159999907016755,14.66487533088327,1.0111079583636073,0.2316666692495346,0.4170000046491623,4.886411327686911,0.3369063336568261,0.25777778029441833,0.464000004529953,12.691264325368405,0.8750322161997706,20426.651343357284,8.791658500438926,47.954458980369814,3.054940064561368
248.8610701560974,20.125,19.937,0.5894444584846497,1.0610000252723695,1.467063052642346,5.553435150102864,0.621666669845581,1.119000005722046,1.587877011919022,6.010765519688385,0.25055554509162903,0.4509999811649323,1.3067227387011053,4.946481322306552,0.2922222316265106,0.5260000169277191,15.384487218135597,1.0607234709211257,0.2288888841867447,0.4119999915361405,4.533995403441793,0.31260810147834334,0.2572222352027893,0.4630000233650208,12.61943967821598,0.870080079157764,20455.696242542388,9.467968044733995,48.0226459975734,3.054940064561368
256.06832098960876,20.125,19.937,0.5883333086967468,1.0589999556541443,1.462896907627583,5.537664583102529,0.6227777600288391,1.1209999680519105,1.59204293345213,6.026535240719028,0.25055554509162903,0.4509999811649323,1.3067227387011053,4.946481322306552,0.28777778148651123,0.5180000066757202,14.808798480391502,1.021031114106641,0.2288888841867447,0.4119999915361405,4.533995403441793,0.31260810147834334,0.25333333015441895,0.4559999942779541,12.116655589008328,0.8354143228887105,20397.606444172183,8.928731631258122,47.88627546624776,3.054939841079713
263.2784161567688,20.125,19.937,0.5877777934074402,1.0580000281333923,1.4608140586018568,5.5297801455720546,0.6138888597488403,1.1049999475479126,1.5587148907423023,5.900374934564819,0.2516666650772095,0.45299999713897704,1.334468960309028,5.051512147043399,0.2916666567325592,0.5249999821186065,15.312523713237049,1.0557617599707827,0.2316666692495346,0.4170000046491623,4.886411327686911,0.3369063336568261,0.2549999952316284,0.45899999141693115,12.332133383512495,0.8502709996730661,20368.564661058226,8.93591722068786,48.37887243701191,3.019528949344159
270.4861869812012,20.125,19.937,0.5905555486679077,1.062999987602234,1.4712289741754536,5.569204871133504,0.6177777647972107,1.1119999766349793,1.5732959513306621,5.955570227126602,0.25,0.45,1.2928499999999996,4.893967318499999,0.2872222363948822,0.5170000255107879,14.73683883578181,1.01606966931395,0.23055554926395416,0.4149999886751175,4.74544420178831,0.3271869886472196,0.2588889002799988,0.4660000205039978,12.834917472720146,0.8849367559421195,20513.782924841442,9.040433952462669,48.32376184047432,3.0445249255061158
277.6933681964874,20.125,19.937,0.5883333086967468,1.0589999556541443,1.462896907627583,5.537664583102529,0.6155555844306946,1.1080000519752502,1.5649641082644465,5.924030785065319,0.2527777850627899,0.45500001311302185,1.3622151819169517,5.156542971780248,0.29277777671813965,0.5269999980926514,15.456446862745288,1.065684915713817,0.22777777910232544,0.4100000023841858,4.393030168044572,0.3028888868142699,0.2594444453716278,0.4670000016689301,12.906742119872572,0.8898888929841261,20397.606444172183,9.788564323264358,48.31453293098406,3.0278610158920296
284.89831709861755,20.125,19.937,0.5916666388511658,1.0649999499320983,1.4753948957085612,5.584974592164145,0.6144444346427917,1.1059999823570252,1.560797963249684,5.908260218064987,0.2477777749300003,0.44599999487400055,1.2373579288870094,4.683907077588175,0.2894444465637207,0.5210000038146972,15.024681274509426,1.035915714642366,0.2316666692495346,0.4170000046491623,4.886411327686911,0.3369063336568261,0.25555557012557983,0.4600000262260437,12.403961883711812,0.8552234023734085,20571.869607140496,8.827910251423708,48.59358295885022,3.036192858958245
292.10805106163025,20.125,19.937,0.5899999737739563,1.0619999527931214,1.4691459016680724,5.561319587633338,0.617222249507904,1.1110000491142273,1.5712131023049358,5.947685789596127,0.2477777749300003,0.44599999487400055,1.2373579288870094,4.683907077588175,0.28555554151535034,0.5139999747276306,14.520952181375023,1.0011848026205725,0.22611111402511597,0.40700000524520874,4.181581369698051,0.28830999964539333,0.2544444501399994,0.45800001025199893,12.26030873636007,0.8453188626310595,20484.73802565634,9.209049089169495,48.321461371774085,3.040359003973008
299.31438302993774,20.125,19.937,0.5894444584846497,1.0610000252723695,1.467063052642346,5.553435150102864,0.6144444346427917,1.1059999823570252,1.560797963249684,5.908260218064987,0.25,0.45,1.2928499999999996,4.893967318499999,0.28833332657814026,0.5189999878406525,14.880758125001194,1.0259925588993322,0.22833333909511566,0.4110000103712082,4.463513730993871,0.30774855931907297,0.25555557012557983,0.4600000262260437,12.403961883711812,0.8552234023734085,20455.696242542388,9.178846273362632,48.45212659835836,3.02786101589203
306.5193750858307,20.125,19.937,0.5872222185134888,1.0569999933242797,1.458730986094475,5.521894862071887,0.6111111044883728,1.0999999880790712,1.5482999751687054,5.860950209003369,0.25,0.45,1.2928499999999996,4.893967318499999,0.2777777910232544,0.5000000238418579,13.513501715683937,0.9317235108922898,0.2294444441795349,0.41299999952316285,4.604478966391088,0.3174677739831462,0.2588889002799988,0.4660000205039978,12.834917472720146,0.8849367559421195,20339.519761873125,8.569730627810953,48.5106739799479,3.0070309612631805
313.72443318367004,20.125,19.937,0.5911111235618591,1.0640000224113464,1.4733120466828349,5.57709015463367,0.6066666841506958,1.0920000314712526,1.5316360655546193,5.797870478911111,0.2516666650772095,0.45299999713897704,1.334468960309028,5.051512147043399,0.2866666615009308,0.5159999907016755,14.66487533088327,1.0111079583636073,0.23222222924232483,0.4180000126361847,4.956894890636207,0.3417660061616289,0.26055556535720825,0.4690000176429749,13.050395267224314,0.899793432726475,20542.827824026546,8.900740408417585,49.02953367756562,3.004948112237454
320.927531003952,20.125,19.937,0.5894444584846497,1.0610000252723695,1.467063052642346,5.553435150102864,0.6144444346427917,1.1059999823570252,1.560797963249684,5.908260218064987,0.24944444000720978,0.44899999201297763,1.2789768891960378,4.8414519061315735,0.2894444465637207,0.5210000038146972,15.024681274509426,1.035915714642366,0.2266666740179062,0.4080000132322312,4.252064932647354,0.2931696721501967,0.2588889002799988,0.4660000205039978,12.834917472720146,0.8849367559421195,20455.696242542388,9.677734440967432,48.45212659835836,3.02786101589203
328.13263511657715,20.125,19.937,0.5933333039283752,1.0679999470710755,1.4816438897490505,5.6086295966949535,0.6155555844306946,1.1080000519752502,1.5649641082644465,5.924030785065319,0.25055554509162903,0.4509999811649323,1.3067227387011053,4.946481322306552,0.28777778148651123,0.5180000066757202,14.808798480391502,1.021031114106641,0.23055554926395416,0.4149999886751175,4.74544420178831,0.3271869886472196,0.25833332538604736,0.46499998569488527,12.76308897252083,0.8799843532417772,20659.001188624658,9.040499524667856,48.63257402052177,3.046607998013497
335.3554561138153,20.125,19.937,0.5855555534362793,1.0539999961853028,1.4524819920539862,5.49823985754108,0.6133333444595337,1.1040000200271607,1.556632041716576,5.892490497034344,0.2522222101688385,0.4539999783039093,1.3483416990101338,5.1040261508499505,0.28611111640930176,0.5150000095367432,14.592915686273578,1.0061465135709162,0.22555555403232574,0.40599999725818636,4.111097806748752,0.28345032714059026,0.25611111521720886,0.46100000739097596,12.475786530864237,0.860175539415415,20252.38818038897,9.423253301820155,48.269423350299476,3.009114033770562
342.5647110939026,20.125,19.937,0.5927777886390686,1.0670000195503235,1.4795610407233242,5.600745159164479,0.6133333444595337,1.1040000200271607,1.556632041716576,5.892490497034344,0.24888889491558075,0.44800001084804536,1.265104150494933,4.788937902325024,0.28555554151535034,0.5139999747276306,14.520952181375023,1.0011848026205725,0.23111110925674438,0.4159999966621399,4.815927764737609,0.33204666115202275,0.2616666555404663,0.4709999799728394,13.194044561529157,0.9096977068104877,20629.959405510705,9.041570606714481,48.730795458315896,3.0361930824399
349.7709710597992,20.125,19.937,0.5905555486679077,1.062999987602234,1.4712289741754536,5.569204871133504,0.6116666793823242,1.1010000228881835,1.5503830476760867,5.8688354925035355,0.24833333492279053,0.447000002861023,1.2512310396909712,4.736422489956599,0.2894444465637207,0.5210000038146972,15.024681274509426,1.035915714642366,0.2288888841867447,0.4119999915361405,4.533995403441793,0.31260810147834334,0.2549999952316284,0.45899999141693115,12.332133383512495,0.8502709996730661,20513.782924841442,9.144411925569168,48.69020124145306,3.0216120218515403
356.9784080982208,20.125,19.937,0.5955555438995361,1.071999979019165,1.489975956296921,5.640169884725928,0.6127777695655823,1.102999985218048,1.5545489692091947,5.884605213534178,0.2522222101688385,0.4539999783039093,1.3483416990101338,5.1040261508499505,0.28833332657814026,0.5189999878406525,14.880758125001194,1.0259925588993322,0.2294444441795349,0.41299999952316285,4.604478966391088,0.3174677739831462,0.25777778029441833,0.464000004529953,12.691264325368405,0.8750322161997706,20775.177669293913,9.18153225879371,48.939522347619814,3.0445249255061158
364.20585203170776,20.125,19.937,0.5905555486679077,1.062999987602234,1.4712289741754536,5.569204871133504,0.6127777695655823,1.102999985218048,1.5545489692091947,5.884605213534178,0.25111111998558044,0.4520000159740448,1.3205962216079232,4.998998143236848,0.2888889014720917,0.5200000226497651,14.952721629899749,1.0309542698496759,0.2316666692495346,0.4170000046491623,4.886411327686911,0.3369063336568261,0.2588889002799988,0.4660000205039978,12.834917472720146,0.8849367559421195,20513.782924841442,9.007408223623036,48.623164082217166,3.0257779433846483
371.41394209861755,20.125,19.937,0.5916666388511658,1.0649999499320983,1.4753948957085612,5.584974592164145,0.6072221994400024,1.0929999589920045,1.5337189145803456,5.805754916441586,0.25,0.45,1.2928499999999996,4.893967318499999,0.2827777862548828,0.5090000152587891,14.161150098037723,0.9763773124994657,0.22555555403232574,0.40599999725818636,4.111097806748752,0.28345032714059026,0.25555557012557983,0.4600000262260437,12.403961883711812,0.8552234023734085,20571.869607140496,9.171458184126015,49.030877152729154,3.009113810288907
378.62481808662415,20.125,19.937,0.5911111235618591,1.0640000224113464,1.4733120466828349,5.57709015463367,0.6094444394111633,1.096999990940094,1.5420509811282161,5.837295204472561,0.24888889491558075,0.44800001084804536,1.265104150494933,4.788937902325024,0.2866666615009308,0.5159999907016755,14.66487533088327,1.0111079583636073,0.22611111402511597,0.40700000524520874,4.181581369698051,0.28830999964539333,0.2572222352027893,0.4630000233650208,12.61943967821598,0.870080079157764,20542.827824026546,9.460576134851573,48.860188079985825,3.015363027811051
385.82775020599365,20.125,19.937,0.5922222137451172,1.065999984741211,1.477477968215943,5.592859875664312,0.6127777695655823,1.102999985218048,1.5545489692091947,5.884605213534178,0.25555557012557983,0.4600000262260437,1.4315803638339037,5.419118625060498,0.29055556654930115,0.5230000197887421,15.168604424017673,1.045838870385401,0.22833333909511566,0.4110000103712082,4.463513730993871,0.30774855931907297,0.2616666555404663,0.4709999799728394,13.194044561529157,0.9096977068104877,20600.9145063256,9.717810761779544,48.729051512670566,3.0320269374251376
393.0390181541443,20.125,19.937,0.5888888835906982,1.0599999904632569,1.4649799801349643,5.545549866602696,0.6144444346427917,1.1059999823570252,1.560797963249684,5.908260218064987,0.2516666650772095,0.45299999713897704,1.334468960309028,5.051512147043399,0.29499998688697815,0.5309999763965607,15.744289301472904,1.0855309610422332,0.2288888841867447,0.4119999915361405,4.533995403441793,0.31260810147834334,0.25999999046325684,0.4679999828338623,12.97856676702499,0.8948410300261321,20426.651343357284,9.827432630807154,48.41663887919784,3.0257779433846483
400.2461190223694,20.125,19.937,0.5972222089767456,1.0749999761581421,1.4962249503374103,5.663824889256737,0.6111111044883728,1.0999999880790712,1.5482999751687054,5.860950209003369,0.2522222101688385,0.4539999783039093,1.3483416990101338,5.1040261508499505,0.2894444465637207,0.5210000038146972,15.024681274509426,1.035915714642366,0.2294444441795349,0.41299999952316285,4.604478966391088,0.3174677739831462,0.253888875246048,0.45699997544288634,12.188480236160753,0.8403664599307171,20862.30925077808,9.002101788944001,49.14477585000165,3.0445249255061158
407.45650815963745,20.125,19.937,0.5905555486679077,1.062999987602234,1.4712289741754536,5.569204871133504,0.6088888645172119,1.0959999561309814,1.5399679086208349,5.829409920972394,0.25111111998558044,0.4520000159740448,1.3205962216079232,4.998998143236848,0.2983333468437195,0.5370000243186951,16.176058749997615,1.1153004282713355,0.22611111402511597,0.40700000524520874,4.181581369698051,0.28830999964539333,0.2622222304344177,0.4720000147819519,13.265873061728474,0.9146501095108301,20513.782924841442,10.539384536164993,48.858611091853476,3.0111968827962885
414.6658630371094,20.125,19.937,0.5883333086967468,1.0589999556541443,1.462896907627583,5.537664583102529,0.6072221994400024,1.0929999589920045,1.5337189145803456,5.805754916441586,0.24944444000720978,0.44899999201297763,1.2789768891960378,4.8414519061315735,0.28999999165534973,0.5219999849796295,15.096640919119118,1.0408771594350572,0.22777777910232544,0.4100000023841858,4.393030168044572,0.3028888868142699,0.25611111521720886,0.46100000739097596,12.475786530864237,0.860175539415415,20397.606444172183,9.393183556947106,48.818300190036034,2.9966158222079287
421.87498903274536,20.125,19.937,0.5950000286102295,1.071000051498413,1.4878931072711947,5.6322854471954535,0.6077777743339539,1.093999993801117,1.5358019870877269,5.813640199941752,0.24833333492279053,0.447000002861023,1.2512310396909712,4.736422489956599,0.2894444465637207,0.5210000038146972,15.024681274509426,1.035915714642366,0.22555555403232574,0.40599999725818636,4.111097806748752,0.28345032714059026,0.24944444000720978,0.44899999201297763,11.61387342632413,0.8007486994488255,20746.135886179964,9.208179543668026,49.2077759443088,3.0236950943589216
429.08612418174744,20.125,19.937,0.5905555486679077,1.062999987602234,1.4712289741754536,5.569204871133504,0.605555534362793,1.0899999618530274,1.5274699205398563,5.782099911910778,0.24944444000720978,0.44899999201297763,1.2789768891960378,4.8414519061315735,0.2911111116409302,0.5240000009536744,15.240564068627364,1.050800315178092,0.23000000417232513,0.41400000751018523,4.674962529340387,0.32232744648794925,0.2544444501399994,0.45800001025199893,12.26030873636007,0.8453188626310595,20513.782924841442,9.07547387315333,49.062244187578855,2.99869889471531
436.2947311401367,20.125,19.937,0.5872222185134888,1.0569999933242797,1.458730986094475,5.521894862071887,0.6100000143051147,1.0980000257492066,1.5441340536355979,5.845180487972729,0.2549999952316284,0.45899999141693115,1.417706880927085,5.366601804130197,0.2983333468437195,0.5370000243186951,16.176058749997615,1.1153004282713355,0.23111110925674438,0.4159999966621399,4.815927764737609,0.33204666115202275,0.25777778029441833,0.464000004529953,12.691264325368405,0.8750322161997706,20339.519761873125,9.617733772945401,48.577973595030436,3.002865039730073
443.50025820732117,20.125,19.937,0.5894444584846497,1.0610000252723695,1.467063052642346,5.553435150102864,0.6083333492279053,1.0950000286102295,1.5378850595951086,5.821525483441921,0.2477777749300003,0.44599999487400055,1.2373579288870094,4.683907077588175,0.28611111640930176,0.5150000095367432,14.592915686273578,1.0061465135709162,0.22722221910953522,0.4089999943971634,4.322546605095269,0.29802921430946655,0.25555557012557983,0.4600000262260437,12.403961883711812,0.8552234023734085,20455.696242542388,9.175892179897426,48.82157687408404,3.0049481122374546
450.7049071788788,20.125,19.937,0.5855555534362793,1.0539999961853028,1.4524819920539862,5.49823985754108,0.6111111044883728,1.0999999880790712,1.5482999751687054,5.860950209003369,0.253888875246048,0.45699997544288634,1.3899606593191614,5.261570979393347,0.2916666567325592,0.5249999821186065,15.312523713237049,1.0557617599707827,0.2266666740179062,0.4080000132322312,4.252064932647354,0.2931696721501967,0.25833332538604736,0.46499998569488527,12.76308897252083,0.8799843532417772,20252.38818038897,9.785741410231585,48.40344976473913,3.0007819672226916
457.9101572036743,20.125,19.937,0.5933333039283752,1.0679999470710755,1.4816438897490505,5.6086295966949535,0.6077777743339539,1.093999993801117,1.5358019870877269,5.813640199941752,0.2516666650772095,0.45299999713897704,1.334468960309028,5.051512147043399,0.28555554151535034,0.5139999747276306,14.520952181375023,1.0011848026205725,0.2294444441795349,0.41299999952316285,4.604478966391088,0.3174677739831462,0.25777778029441833,0.464000004529953,12.691264325368405,0.8750322161997706,20659.001188624658,9.001629286980625,49.10258378195915,3.0174458768367773
465.11527013778687,20.125,19.937,0.5888888835906982,1.0599999904632569,1.4649799801349643,5.545549866602696,0.6077777743339539,1.093999993801117,1.5358019870877269,5.813640199941752,0.25111111998558044,0.4520000159740448,1.3205962216079232,4.998998143236848,0.28777778148651123,0.5180000066757202,14.808798480391502,1.021031114106641,0.2288888841867447,0.4119999915361405,4.533995403441793,0.31260810147834334,0.2622222304344177,0.4720000147819519,13.265873061728474,0.9146501095108301,20426.651343357284,9.503340367618195,48.8199408066573,3.000781967222691
472.3252410888672,20.125,19.937,0.5888888835906982,1.0599999904632569,1.4649799801349643,5.545549866602696,0.6044444441795349,1.0879999995231628,1.5233039990067487,5.7663301908801365,0.2527777850627899,0.45500001311302185,1.3622151819169517,5.156542971780248,0.2849999964237213,0.5129999935626984,14.448992536765346,0.9962233578278823,0.22611111402511597,0.40700000524520874,4.181581369698051,0.28830999964539333,0.25611111521720886,0.46100000739097596,12.475786530864237,0.860175539415415,20426.651343357284,9.28080816411674,49.0241218826777,2.988283979141713
479.533087015152,20.125,19.937,0.5877777934074402,1.0580000281333923,1.4608140586018568,5.5297801455720546,0.6061111092567444,1.09099999666214,1.529552993047238,5.789985195410946,0.24888889491558075,0.44800001084804536,1.265104150494933,4.788937902325024,0.2894444465637207,0.5210000038146972,15.024681274509426,1.035915714642366,0.2266666740179062,0.4080000132322312,4.252064932647354,0.2931696721501967,0.2566666603088379,0.46199998855590824,12.547611178016663,0.8651276764574216,20368.564661058226,9.53408129361569,48.85066058349804,2.9903670516490948
486.7397620677948,20.125,19.937,0.5927777886390686,1.0670000195503235,1.4795610407233242,5.600745159164479,0.6038888692855835,1.0869999647140502,1.521220926499367,5.758444907379969,0.2516666650772095,0.45299999713897704,1.334468960309028,5.051512147043399,0.2922222316265106,0.5260000169277191,15.384487218135597,1.0607234709211257,0.22055555880069733,0.3970000058412552,3.476751411709195,0.23971366563396088,0.2588889002799988,0.4660000205039978,12.834917472720146,0.8849367559421195,20629.959405510705,10.632950933718677,49.30584950471093,3.000781967222691
493.94484210014343,20.125,19.937,0.5888888835906982,1.0599999904632569,1.4649799801349643,5.545549866602696,0.6111111044883728,1.0999999880790712,1.5482999751687054,5.860950209003369,0.2527777850627899,0.45500001311302185,1.3622151819169517,5.156542971780248,0.28611111640930176,0.5150000095367432,14.592915686273578,1.0061465135709162,0.2266666740179062,0.4080000132322312,4.252064932647354,0.2931696721501967,0.2566666603088379,0.46199998855590824,12.547611178016663,0.8651276764574216,20426.651343357284,9.318198499497766,48.617453468153705,3.0132799553036698
501.15794801712036,20.125,19.937,0.5861111283302307,1.0550000309944154,1.4545650645613675,5.506125141041246,0.6083333492279053,1.0950000286102295,1.5378850595951086,5.821525483441921,0.24888889491558075,0.44800001084804536,1.265104150494933,4.788937902325024,0.2872222363948822,0.5170000255107879,14.73683883578181,1.01606966931395,0.22499999403953552,0.40499998927116393,4.04061424379945,0.2785906546357869,0.25611111521720886,0.46100000739097596,12.475786530864237,0.860175539415415,20281.433079574068,9.565698439523574,48.6078298454978,2.992450124156476
508.38841915130615,20.125,19.937,0.5872222185134888,1.0569999933242797,1.458730986094475,5.521894862071887,0.6077777743339539,1.093999993801117,1.5358019870877269,5.813640199941752,0.24888889491558075,0.44800001084804536,1.265104150494933,4.788937902325024,0.2894444465637207,0.5210000038146972,15.024681274509426,1.035915714642366,0.2294444441795349,0.41299999952316285,4.604478966391088,0.3174677739831462,0.25333333015441895,0.4559999942779541,12.116655589008328,0.8354143228887105,20339.519761873125,8.966189465367789,48.71313821414778,2.994532973182202
515.5995609760284,20.125,19.937,0.5883333086967468,1.0589999556541443,1.462896907627583,5.537664583102529,0.6100000143051147,1.0980000257492066,1.5441340536355979,5.845180487972729,0.25,0.45,1.2928499999999996,4.893967318499999,0.2916666567325592,0.5249999821186065,15.312523713237049,1.0557617599707827,0.22722221910953522,0.4089999943971634,4.322546605095269,0.29802921430946655,0.25555557012557983,0.4600000262260437,12.403961883711812,0.8552234023734085,20397.606444172183,9.535696193379161,48.649213342753725,3.007030961263181
522.808345079422,20.125,19.937,0.5894444584846497,1.0610000252723695,1.467063052642346,5.553435150102864,0.602222204208374,1.0839999675750733,1.5149719324588782,5.734789902849163,0.25111111998558044,0.4520000159740448,1.3205962216079232,4.998998143236848,0.28388887643814087,0.5109999775886536,14.305069387257099,0.9863002020848475,0.23000000417232513,0.41400000751018523,4.674962529340387,0.32232744648794925,0.25555557012557983,0.4600000262260437,12.403961883711812,0.8552234023734085,20455.696242542388,8.679553106144068,49.19670828719493,2.9820349851012242
530.0151691436768,20.125,19.937,0.5894444584846497,1.0610000252723695,1.467063052642346,5.553435150102864,0.6005555391311646,1.0809999704360962,1.508722938418389,5.711134898318353,0.2516666650772095,0.45299999713897704,1.334468960309028,5.051512147043399,0.2872222363948822,0.5170000255107879,14.73683883578181,1.01606966931395,0.22722221910953522,0.4089999943971634,4.322546605095269,0.29802921430946655,0.25777778029441833,0.464000004529953,12.691264325368405,0.8750322161997706,20455.696242542388,9.391504975479839,49.3000187866132,2.975785991060735
537.2272820472717,20.125,19.937,0.5894444584846497,1.0610000252723695,1.467063052642346,5.553435150102864,0.6066666841506958,1.0920000314712526,1.5316360655546193,5.797870478911111,0.2516666650772095,0.45299999713897704,1.334468960309028,5.051512147043399,0.2894444465637207,0.5210000038146972,15.024681274509426,1.035915714642366,0.2294444441795349,0.41299999952316285,4.604478966391088,0.3174677739831462,0.25611111521720886,0.46100000739097596,12.475786530864237,0.860175539415415,20455.696242542388,9.145754936295743,48.923316238691214,2.9986991181969653
544.4354221820831,20.125,19.937,0.5872222185134888,1.0569999933242797,1.458730986094475,5.521894862071887,0.6050000190734863,1.0890000343322754,1.52538707151413,5.774215474380303,0.25333333015441895,0.4559999942779541,1.3760879206180574,5.209056975586801,0.28555554151535034,0.5139999747276306,14.520952181375023,1.0011848026205725,0.23000000417232513,0.41400000751018523,4.674962529340387,0.32232744648794925,0.25777778029441833,0.464000004529953,12.691264325368405,0.8750322161997706,20339.519761873125,8.931145724031326,48.88315267471235,2.984118057608605
551.6421151161194,20.125,19.937,0.5844444632530212,1.0520000338554383,1.4483160705208782,5.482470136510438,0.6050000190734863,1.0890000343322754,1.52538707151413,5.774215474380303,0.253888875246048,0.45699997544288634,1.3899606593191614,5.261570979393347,0.28999999165534973,0.5219999849796295,15.096640919119118,1.0408771594350572,0.22611111402511597,0.40700000524520874,4.181581369698051,0.28830999964539333,0.2572222352027893,0.4630000233650208,12.61943967821598,0.870080079157764,20194.30149808991,9.676458928969497,48.70412416249946,2.973703142035008
558.8493440151215,20.125,19.937,0.5855555534362793,1.0539999961853028,1.4524819920539862,5.49823985754108,0.6027777791023254,1.085000002384186,1.5170550049662594,5.742675186349328,0.2516666650772095,0.45299999713897704,1.334468960309028,5.051512147043399,0.28611111640930176,0.5150000095367432,14.592915686273578,1.0061465135709162,0.22388888895511627,0.4030000001192093,3.899649008402232,0.2688714399717137,0.2611111104488373,0.4699999988079071,13.122219914376732,0.9047455697684811,20252.38818038897,9.957918791922923,48.91274274445699,2.9695369970202456
566.0629680156708,20.125,19.937,0.5855555534362793,1.0539999961853028,1.4524819920539862,5.49823985754108,0.6005555391311646,1.0809999704360962,1.508722938418389,5.711134898318353,0.2527777850627899,0.45500001311302185,1.3622151819169517,5.156542971780248,0.28777778148651123,0.5180000066757202,14.808798480391502,1.021031114106641,0.22777777910232544,0.4100000023841858,4.393030168044572,0.3028888868142699,0.25333333015441895,0.4559999942779541,12.116655589008328,0.8354143228887105,20252.38818038897,9.069696866655343,49.050370580812334,2.961204930472375
573.2696549892426,20.125,19.937,0.5927777886390686,1.0670000195503235,1.4795610407233242,5.600745159164479,0.6038888692855835,1.0869999647140502,1.521220926499367,5.758444907379969,0.25111111998558044,0.4520000159740448,1.3205962216079232,4.998998143236848,0.28777778148651123,0.5180000066757202,14.808798480391502,1.021031114106641,0.22777777910232544,0.4100000023841858,4.393030168044572,0.3028888868142699,0.2616666555404663,0.4709999799728394,13.194044561529157,0.9096977068104877,20629.959405510705,9.608391352915758,49.30584950471093,3.000781967222691
580.4785780906677,20.125,19.937,0.5877777934074402,1.0580000281333923,1.4608140586018568,5.5297801455720546,0.602222204208374,1.0839999675750733,1.5149719324588782,5.734789902849163,0.25111111998558044,0.4520000159740448,1.3205962216079232,4.998998143236848,0.2844444513320923,0.5120000123977662,14.377032892155654,0.9912619130351912,0.22722221910953522,0.4089999943971634,4.322546605095269,0.29802921430946655,0.2549999952316284,0.45899999141693115,12.332133383512495,0.8502709996730661,20368.564661058226,9.032036532738806,49.09002404709694,2.975785991060735
587.6876680850983,20.125,19.937,0.5861111283302307,1.0550000309944154,1.4545650645613675,5.506125141041246,0.601111114025116,1.0820000052452088,1.5108060109257702,5.71902018181852,0.2527777850627899,0.45500001311302185,1.3622151819169517,5.156542971780248,0.2944444417953491,0.5299999952316284,15.672329656863212,1.080569516249542,0.22833333909511566,0.4110000103712082,4.463513730993871,0.30774855931907297,0.253888875246048,0.45699997544288634,12.188480236160753,0.8403664599307171,20281.433079574068,9.466891215518112,49.05170474566722,2.9653710754871376
594.8924241065979,20.125,19.937,0.5872222185134888,1.0569999933242797,1.458730986094475,5.521894862071887,0.6027777791023254,1.085000002384186,1.5170550049662594,5.742675186349328,0.2549999952316284,0.45899999141693115,1.417706880927085,5.366601804130197,0.2888889014720917,0.5200000226497651,14.952721629899749,1.0309542698496759,0.2294444441795349,0.41299999952316285,4.604478966391088,0.3174677739831462,0.2544444501399994,0.45800001025199893,12.26030873636007,0.8453188626310595,20339.519761873125,9.002036216738821,49.020023297256756,2.9757859910607345
602.0956962108612,20.125,19.937,0.5872222185134888,1.0569999933242797,1.458730986094475,5.521894862071887,0.5994444489479065,1.0790000081062316,1.5045570168852809,5.695365177287711,0.2522222101688385,0.4539999783039093,1.3483416990101338,5.1040261508499505,0.28999999165534973,0.5219999849796295,15.096640919119118,1.0408771594350572,0.22777777910232544,0.4100000023841858,4.393030168044572,0.3028888868142699,0.2566666603088379,0.46199998855590824,12.547611178016663,0.8651276764574216,20339.519761873125,9.429095880523318,49.22677055445294,2.963288002979756
609.308531999588,20.125,19.937,0.5905555486679077,1.062999987602234,1.4712289741754536,5.569204871133504,0.602222204208374,1.0839999675750733,1.5149719324588782,5.734789902849163,0.2477777749300003,0.44599999487400055,1.2373579288870094,4.683907077588175,0.2805555462837219,0.5049999833106995,13.87330379902125,0.9565310010133976,0.22611111402511597,0.40700000524520874,4.181581369698051,0.28830999964539333,0.25833332538604736,0.46499998569488527,12.76308897252083,0.8799843532417772,20513.782924841442,9.136615016072989,49.26758179286861,2.986200906634332
616.5174860954285,20.125,19.937,0.5899999737739563,1.0619999527931214,1.4691459016680724,5.561319587633338,0.6038888692855835,1.0869999647140502,1.521220926499367,5.758444907379969,0.2527777850627899,0.45500001311302185,1.3622151819169517,5.156542971780248,0.29277777671813965,0.5269999980926514,15.456446862745288,1.065684915713817,0.22833333909511566,0.4110000103712082,4.463513730993871,0.30774855931907297,0.2588889002799988,0.4660000205039978,12.834917472720146,0.8849367559421195,20484.73802565634,9.682168436738847,49.12928701019588,2.9903668281674394
623.7264461517334,20.125,19.937,0.5883333086967468,1.0589999556541443,1.462896907627583,5.537664583102529,0.6033333539962769,1.0860000371932983,1.5191380774736407,5.7505604698494945,0.25111111998558044,0.4520000159740448,1.3205962216079232,4.998998143236848,0.2866666615009308,0.5159999907016755,14.66487533088327,1.0111079583636073,0.22611111402511597,0.40700000524520874,4.181581369698051,0.28830999964539333,0.25777778029441833,0.464000004529953,12.691264325368405,0.8750322161997706,20397.606444172183,9.496488458427786,49.05700016721721,2.982034985101224
630.9292240142822,20.125,19.937,0.5866666436195374,1.0559999585151674,1.4566479135870938,5.514009578571721,0.6066666841506958,1.0920000314712526,1.5316360655546193,5.797870478911111,0.25055554509162903,0.4509999811649323,1.3067227387011053,4.946481322306552,0.28833332657814026,0.5189999878406525,14.880758125001194,1.0259925588993322,0.22611111402511597,0.40700000524520874,4.181581369698051,0.28830999964539333,0.2566666603088379,0.46199998855590824,12.547611178016663,0.8651276764574216,20310.474862688025,9.532603281810877,48.74529742670134,2.988283979141713
638.1347661018372,20.125,19.937,0.5877777934074402,1.0580000281333923,1.4608140586018568,5.5297801455720546,0.5988888740539551,1.0779999732971193,1.5024739443778996,5.687479893787545,0.2477777749300003,0.44599999487400055,1.2373579288870094,4.683907077588175,0.2894444465637207,0.5210000038146972,15.024681274509426,1.035915714642366,0.23000000417232513,0.41400000751018523,4.674962529340387,0.32232744648794925,0.2594444453716278,0.4670000016689301,12.906742119872572,0.8898888929841261,20368.564661058226,9.290749167850612,49.29706654003675,2.9632880029797564
645.3417041301727,20.125,19.937,0.5888888835906982,1.0599999904632569,1.4649799801349643,5.545549866602696,0.6044444441795349,1.0879999995231628,1.5233039990067487,5.7663301908801365,0.24888889491558075,0.44800001084804536,1.265104150494933,4.788937902325024,0.2822222113609314,0.5079999804496765,14.089186593139175,0.9714156015491225,0.22833333909511566,0.4110000103712082,4.463513730993871,0.30774855931907297,0.25611111521720886,0.46100000739097596,12.475786530864237,0.860175539415415,20426.651343357284,8.818972831007835,49.0241218826777,2.988283979141713
652.5475361347198,20.125,19.937,0.5894444584846497,1.0610000252723695,1.467063052642346,5.553435150102864,0.6027777791023254,1.085000002384186,1.5170550049662594,5.742675186349328,0.2527777850627899,0.45500001311302185,1.3622151819169517,5.156542971780248,0.2916666567325592,0.5249999821186065,15.312523713237049,1.0557617599707827,0.22777777910232544,0.4100000023841858,4.393030168044572,0.3028888868142699,0.25611111521720886,0.46100000739097596,12.475786530864237,0.860175539415415,20455.696242542388,9.501124954006071,49.16236637829309,2.9841180576086055
659.7558031082153,20.125,19.937,0.5894444584846497,1.0610000252723695,1.467063052642346,5.553435150102864,0.5994444489479065,1.0790000081062316,1.5045570168852809,5.695365177287711,0.2522222101688385,0.4539999783039093,1.3483416990101338,5.1040261508499505,0.28388887643814087,0.5109999775886536,14.305069387257099,0.9863002020848475,0.22499999403953552,0.40499998927116393,4.04061424379945,0.2785906546357869,0.2516666650772095,0.45299999713897704,11.90117779450416,0.820557646104355,20455.696242542388,9.06250934708118,49.36913260501544,2.971620069527627
666.970516204834,20.125,19.937,0.5849999785423279,1.0529999613761902,1.4503989195466045,5.4903545740409125,0.6044444441795349,1.0879999995231628,1.5233039990067487,5.7663301908801365,0.2549999952316284,0.45899999141693115,1.417706880927085,5.366601804130197,0.2888889014720917,0.5200000226497651,14.952721629899749,1.0309542698496759,0.23222222924232483,0.4180000126361847,4.956894890636207,0.3417660061616289,0.2572222352027893,0.4630000233650208,12.61943967821598,0.870080079157764,20223.343281203866,8.829185763421657,48.77417009269354,2.9737029185533532
674.2010531425476,20.125,19.937,0.5838888883590698,1.0509999990463257,1.446232998013497,5.474584853010271,0.6050000190734863,1.0890000343322754,1.52538707151413,5.774215474380303,0.25111111998558044,0.4520000159740448,1.3205962216079232,4.998998143236848,0.2938888967037201,0.5290000140666962,15.60037001225352,1.0756080714568508,0.22777777910232544,0.4100000023841858,4.393030168044572,0.3028888868142699,0.2527777850627899,0.45500001311302185,12.044830941855903,0.8304621858467041,20165.25659890481,9.42957030901014,48.66816632596617,2.971620069527627
681.4102041721344,20.125,19.937,0.5849999785423279,1.0529999613761902,1.4503989195466045,5.4903545740409125,0.5994444489479065,1.0790000081062316,1.5045570168852809,5.695365177287711,0.2522222101688385,0.4539999783039093,1.3483416990101338,5.1040261508499505,0.28833332657814026,0.5189999878406525,14.880758125001194,1.0259925588993322,0.21944443881511688,0.3949999898672104,3.3357842858105933,0.22999432062435446,0.2544444501399994,0.45800001025199893,12.26030873636007,0.8453188626310595,20223.343281203866,10.234749144870039,49.08360566953035,2.9549559364318854
688.6170001029968,20.125,19.937,0.5794444680213928,1.043000042438507,1.4295690883994108,5.4115051229180136,0.6000000238418579,1.0800000429153442,1.5066400893926626,5.70325046078788,0.2522222101688385,0.4539999783039093,1.3483416990101338,5.1040261508499505,0.2872222363948822,0.5170000255107879,14.73683883578181,1.01606966931395,0.22555555403232574,0.40599999725818636,4.111097806748752,0.28345032714059026,0.25611111521720886,0.46100000739097596,12.475786530864237,0.860175539415415,19932.90675363744,9.495214876574272,48.687576457832506,2.9362091777920734
695.8260600566864,20.125,19.937,0.5849999785423279,1.0529999613761902,1.4503989195466045,5.4903545740409125,0.6000000238418579,1.0800000429153442,1.5066400893926626,5.70325046078788,0.253888875246048,0.45699997544288634,1.3899606593191614,5.261570979393347,0.2866666615009308,0.5159999907016755,14.66487533088327,1.0111079583636073,0.23055554926395416,0.4149999886751175,4.74544420178831,0.3271869886472196,0.25777778029441833,0.464000004529953,12.691264325368405,0.8750322161997706,20223.343281203866,8.932625626337527,49.04902894963444,2.957039008939267
703.0390040874481,20.125,19.937,0.5844444632530212,1.0520000338554383,1.4483160705208782,5.482470136510438,0.5972222089767456,1.0749999761581421,1.4962249503374103,5.663824889256737,0.2516666650772095,0.45299999713897704,1.334468960309028,5.051512147043399,0.28555554151535034,0.5139999747276306,14.520952181375023,1.0011848026205725,0.22777777910232544,0.4100000023841858,4.393030168044572,0.3028888868142699,0.25,0.45,11.6857,0.80570096932,20194.30149808991,8.71029592264294,49.18647966733764,2.9445410208582885
710.2485060691833,20.125,19.937,0.5849999785423279,1.0529999613761902,1.4503989195466045,5.4903545740409125,0.6027777791023254,1.085000002384186,1.5170550049662594,5.742675186349328,0.25,0.45,1.2928499999999996,4.893967318499999,0.28611111640930176,0.5150000095367432,14.592915686273578,1.0061465135709162,0.22333332896232605,0.4019999921321869,3.829165445452933,0.26401176746691063,0.2566666603088379,0.46199998855590824,12.547611178016663,0.8651276764574216,20223.343281203866,9.741097986692187,48.876880869673535,2.967453924512864
717.4539971351624,20.125,19.937,0.5899999737739563,1.0619999527931214,1.4691459016680724,5.561319587633338,0.6005555391311646,1.0809999704360962,1.508722938418389,5.711134898318353,0.2527777850627899,0.45500001311302185,1.3622151819169517,5.156542971780248,0.2911111116409302,0.5240000009536744,15.240564068627364,1.050800315178092,0.23444443941116333,0.421999990940094,5.238825361430649,0.3612044354897758,0.2594444453716278,0.4670000016689301,12.906742119872572,0.8898888929841261,20484.73802565634,8.834827732819319,49.33548052524087,2.9778688400864612
724.6618402004242,20.125,19.937,0.5888888835906982,1.0599999904632569,1.4649799801349643,5.545549866602696,0.5988888740539551,1.0779999732971193,1.5024739443778996,5.687479893787545,0.25111111998558044,0.4520000159740448,1.3205962216079232,4.998998143236848,0.29555556178092957,0.5320000112056732,15.816252806371452,1.0904926719925763,0.22388888895511627,0.4030000001192093,3.899649008402232,0.2688714399717137,0.25,0.45,11.6857,0.80570096932,20426.651343357284,9.851327394783494,49.36824690127092,2.967453924512864
731.8745381832123,20.125,19.937,0.5844444632530212,1.0520000338554383,1.4483160705208782,5.482470136510438,0.5994444489479065,1.0790000081062316,1.5045570168852809,5.695365177287711,0.2549999952316284,0.45899999141693115,1.417706880927085,5.366601804130197,0.28611111640930176,0.5150000095367432,14.592915686273578,1.0061465135709162,0.22722221910953522,0.4089999943971634,4.322546605095269,0.29802921430946655,0.2516666650772095,0.45299999713897704,11.90117779450416,0.820557646104355,20194.30149808991,8.9245001352936,49.04769110118096,2.952873087406159
739.0857629776001,20.125,19.937,0.5838888883590698,1.0509999990463257,1.446232998013497,5.474584853010271,0.5938888788223267,1.068999981880188,1.4837269622564322,5.616514880195121,0.25555557012557983,0.4600000262260437,1.4315803638339037,5.419118625060498,0.28388887643814087,0.5109999775886536,14.305069387257099,0.9863002020848475,0.22611111402511597,0.40700000524520874,4.181581369698051,0.28830999964539333,0.25777778029441833,0.464000004529953,12.691264325368405,0.8750322161997706,20165.25659890481,9.3165854866147,49.360162514994215,2.929959960269929
746.2949311733246,20.125,19.937,0.5838888883590698,1.0509999990463257,1.446232998013497,5.474584853010271,0.5972222089767456,1.0749999761581421,1.4962249503374103,5.663824889256737,0.25777778029441833,0.464000004529953,1.487072062844037,5.629177457410447,0.28166666626930237,0.5069999992847443,14.017226948529483,0.9664541567564314,0.2266666740179062,0.4080000132322312,4.252064932647354,0.2931696721501967,0.2527777850627899,0.45500001311302185,12.044830941855903,0.8304621858467041,20165.25659890481,8.77896401254534,49.150506936693326,2.9424579483509072
753.5039131641388,20.125,19.937,0.5861111283302307,1.0550000309944154,1.4545650645613675,5.506125141041246,0.5933333039283752,1.0679999470710755,1.4816438897490505,5.6086295966949535,0.2516666650772095,0.45299999713897704,1.334468960309028,5.051512147043399,0.2922222316265106,0.5260000169277191,15.384487218135597,1.0607234709211257,0.22833333909511566,0.4110000103712082,4.463513730993871,0.30774855931907297,0.2566666603088379,0.46199998855590824,12.547611178016663,0.8651276764574216,20281.433079574068,9.502535467082259,49.538881162596915,2.936208954310418
760.7147769927979,20.125,19.937,0.5844444632530212,1.0520000338554383,1.4483160705208782,5.482470136510438,0.596666693687439,1.0740000486373902,1.494142101311684,5.655940451726262,0.2522222101688385,0.4539999783039093,1.3483416990101338,5.1040261508499505,0.28833332657814026,0.5189999878406525,14.880758125001194,1.0259925588993322,0.22388888895511627,0.4030000001192093,3.899649008402232,0.2688714399717137,0.2572222352027893,0.4630000233650208,12.61943967821598,0.870080079157764,20194.30149808991,9.850449893206354,49.22129681860073,2.942458171832562
767.9237551689148,20.125,19.937,0.5849999785423279,1.0529999613761902,1.4503989195466045,5.4903545740409125,0.6005555391311646,1.0809999704360962,1.508722938418389,5.711134898318353,0.2516666650772095,0.45299999713897704,1.334468960309028,5.051512147043399,0.28999999165534973,0.5219999849796295,15.096640919119118,1.0408771594350572,0.2294444441795349,0.41299999952316285,4.604478966391088,0.3174677739831462,0.2566666603088379,0.46199998855590824,12.547611178016663,0.8651276764574216,20223.343281203866,9.217647082176802,49.014504611988265,2.9591218579649934
775.1268751621246,20.125,19.937,0.5866666436195374,1.0559999585151674,1.4566479135870938,5.514009578571721,0.5950000286102295,1.071000051498413,1.4878931072711947,5.6322854471954535,0.2516666650772095,0.45299999713897704,1.334468960309028,5.051512147043399,0.28611111640930176,0.5150000095367432,14.592915686273578,1.0061465135709162,0.22833333909511566,0.4110000103712082,4.463513730993871,0.30774855931907297,0.2544444501399994,0.45800001025199893,12.26030873636007,0.8453188626310595,20310.474862688025,8.963098480322953,49.46943864149338,2.9445410208582885
782.3345890045166,20.125,19.937,0.5855555534362793,1.0539999961853028,1.4524819920539862,5.49823985754108,0.596666693687439,1.0740000486373902,1.494142101311684,5.655940451726262,0.2566666603088379,0.46199998855590824,1.4593258412361143,5.5241466326736,0.2844444513320923,0.5120000123977662,14.377032892155654,0.9912619130351912,0.22722221910953522,0.4089999943971634,4.322546605095269,0.29802921430946655,0.253888875246048,0.45699997544288634,12.188480236160753,0.8403664599307171,20252.38818038897,8.960209959062935,49.29308748015236,2.94662409336567
789.542797088623,20.125,19.937,0.5805555582046509,1.0450000047683716,1.4337350099325183,5.427274843948655,0.5983333587646484,1.0770000457763673,1.5003910953521733,5.67959545625707,0.2549999952316284,0.45899999141693115,1.417706880927085,5.366601804130197,0.2866666615009308,0.5159999907016755,14.66487533088327,1.0111079583636073,0.22777777910232544,0.4100000023841858,4.393030168044572,0.3028888868142699,0.2544444501399994,0.45800001025199893,12.26030873636007,0.8453188626310595,19990.993435936492,9.069561865577098,48.864123711322435,2.9341261052846916
796.7514600753784,20.125,19.937,0.5844444632530212,1.0520000338554383,1.4483160705208782,5.482470136510438,0.596666693687439,1.0740000486373902,1.494142101311684,5.655940451726262,0.25555557012557983,0.4600000262260437,1.4315803638339037,5.419118625060498,0.28833332657814026,0.5189999878406525,14.880758125001194,1.0259925588993322,0.2294444441795349,0.41299999952316285,4.604478966391088,0.3174677739831462,0.25777778029441833,0.464000004529953,12.691264325368405,0.8750322161997706,20194.30149808991,9.18153225879371,49.22129681860073,2.942458171832562
803.9921271800995,20.125,19.937,0.5822222232818604,1.0480000019073488,1.4399840039730076,5.450929848479463,0.5972222089767456,1.0749999761581421,1.4962249503374103,5.663824889256737,0.25777778029441833,0.464000004529953,1.487072062844037,5.629177457410447,0.2961111068725586,0.5329999923706055,15.888212450981143,1.0954541167852674,0.2294444441795349,0.41299999952316285,4.604478966391088,0.3174677739831462,0.25777778029441833,0.464000004529953,12.691264325368405,0.8750322161997706,20078.12501742065,9.685259421783686,49.04228637607961,2.936208954310418
811.2010171413422,20.125,19.937,0.5822222232818604,1.0480000019073488,1.4399840039730076,5.450929848479463,0.5944444537162781,1.0700000166893007,1.4858100347638135,5.624400163695287,0.25555557012557983,0.4600000262260437,1.4315803638339037,5.419118625060498,0.2822222113609314,0.5079999804496765,14.089186593139175,0.9714156015491225,0.22777777910232544,0.4100000023841858,4.393030168044572,0.3028888868142699,0.2549999952316284,0.45899999141693115,12.332133383512495,0.8502709996730661,20078.12501742065,8.817629820281264,49.21686164193241,2.925794038736821
818.4204289913177,20.125,19.937,0.5799999833106995,1.043999969959259,1.431651937425137,5.419389560448488,0.596666693687439,1.0740000486373902,1.494142101311684,5.655940451726262,0.253888875246048,0.45699997544288634,1.3899606593191614,5.261570979393347,0.28611111640930176,0.5150000095367432,14.592915686273578,1.0061465135709162,0.23333333432674408,0.42000000178813934,5.097860126033428,0.3514852208257024,0.2611111104488373,0.4699999988079071,13.122219914376732,0.9047455697684811,19961.948536751388,8.759707674291727,48.93208197400104,2.925794038736821
825.6267709732056,20.125,19.937,0.5866666436195374,1.0559999585151674,1.4566479135870938,5.514009578571721,0.5961111187934875,1.0730000138282776,1.4920590288043027,5.6480551682260955,0.253888875246048,0.45699997544288634,1.3899606593191614,5.261570979393347,0.28611111640930176,0.5150000095367432,14.592915686273578,1.0061465135709162,0.23222222924232483,0.4180000126361847,4.956894890636207,0.3417660061616289,0.2611111104488373,0.4699999988079071,13.122219914376732,0.9047455697684811,20310.474862688025,8.900672909688948,49.399548413778774,2.9487069423913965
832.8298690319061,20.125,19.937,0.5866666436195374,1.0559999585151674,1.4566479135870938,5.514009578571721,0.5994444489479065,1.0790000081062316,1.5045570168852809,5.695365177287711,0.25111111998558044,0.4520000159740448,1.3205962216079232,4.998998143236848,0.2866666615009308,0.5159999907016755,14.66487533088327,1.0111079583636073,0.22555555403232574,0.40599999725818636,4.111097806748752,0.28345032714059026,0.2633333206176758,0.4739999771118164,13.409522356033325,0.9245543835948432,20310.474862688025,9.926101036709545,49.191053905030735,2.9612049304723747
840.0405511856079,20.125,19.937,0.5827777981758118,1.0490000367164611,1.442067076480389,5.458815131979629,0.5983333587646484,1.0770000457763673,1.5003910953521733,5.67959545625707,0.253888875246048,0.45699997544288634,1.3899606593191614,5.261570979393347,0.2866666615009308,0.5159999907016755,14.66487533088327,1.0111079583636073,0.22722221910953522,0.4089999943971634,4.322546605095269,0.29802921430946655,0.25,0.45,11.6857,0.80570096932,20107.16991660575,8.852741060346366,49.00892356890395,2.942458171832562
847.2507321834564,20.125,19.937,0.5816666483879089,1.0469999670982362,1.4379009314656264,5.443044564979297,0.5994444489479065,1.0790000081062316,1.5045570168852809,5.695365177287711,0.2544444501399994,0.45800001025199893,1.403834142225981,5.314087800323651,0.2888889014720917,0.5200000226497651,14.952721629899749,1.0309542698496759,0.23000000417232513,0.41400000751018523,4.674962529340387,0.32232744648794925,0.2594444453716278,0.4670000016689301,12.906742119872572,0.8898888929841261,20049.08011823555,9.254769345545773,48.86734005056875,2.9424579483509072
854.4571330547333,20.125,19.937,0.5827777981758118,1.0490000367164611,1.442067076480389,5.458815131979629,0.5950000286102295,1.071000051498413,1.4878931072711947,5.6322854471954535,0.253888875246048,0.45699997544288634,1.3899606593191614,5.261570979393347,0.2866666615009308,0.5159999907016755,14.66487533088327,1.0111079583636073,0.2288888841867447,0.4119999915361405,4.533995403441793,0.31260810147834334,0.25333333015441895,0.4559999942779541,12.116655589008328,0.8354143228887105,20107.16991660575,8.856770056504006,49.217975195619736,2.9299601837515836
861.6636121273041,20.125,19.937,0.5894444584846497,1.0610000252723695,1.467063052642346,5.553435150102864,0.5927777886390686,1.0670000195503235,1.4795610407233242,5.600745159164479,0.25555557012557983,0.4600000262260437,1.4315803638339037,5.419118625060498,0.2888889014720917,0.5200000226497651,14.952721629899749,1.0309542698496759,0.2244444489479065,0.4040000081062317,3.970132571351531,0.2737311124765168,0.25555557012557983,0.4600000262260437,12.403961883711812,0.8552234023734085,20455.696242542388,9.70820918545425,49.787927002478575,2.94662409336567
868.8689630031586,20.125,19.937,0.5822222232818604,1.0480000019073488,1.4399840039730076,5.450929848479463,0.5922222137451172,1.065999984741211,1.477477968215943,5.592859875664312,0.253888875246048,0.45699997544288634,1.3899606593191614,5.261570979393347,0.2872222363948822,0.5170000255107879,14.73683883578181,1.01606966931395,0.23222222924232483,0.4180000126361847,4.956894890636207,0.3417660061616289,0.2594444453716278,0.4670000016689301,12.906742119872572,0.8898888929841261,20078.12501742065,8.864895587190984,49.35742154310235,2.9174619721889505
876.0801720619202,20.125,19.937,0.5833333134651184,1.049999964237213,1.4441499255061152,5.466699569510104,0.5922222137451172,1.065999984741211,1.477477968215943,5.592859875664312,0.25555557012557983,0.4600000262260437,1.4315803638339037,5.419118625060498,0.28777778148651123,0.5180000066757202,14.808798480391502,1.021031114106641,0.22333332896232605,0.4019999921321869,3.829165445452933,0.26401176746691063,0.25777778029441833,0.464000004529953,12.691264325368405,0.8750322161997706,20136.211699719708,9.92086595742702,49.429632315918084,2.921627893722058
883.2892110347748,20.125,19.937,0.5855555534362793,1.0539999961853028,1.4524819920539862,5.49823985754108,0.5888888835906982,1.0599999904632569,1.4649799801349643,5.545549866602696,0.2527777850627899,0.45500001311302185,1.3622151819169517,5.156542971780248,0.28611111640930176,0.5150000095367432,14.592915686273578,1.0061465135709162,0.2244444489479065,0.4040000081062317,3.970132571351531,0.2737311124765168,0.2527777850627899,0.45500001311302185,12.044830941855903,0.8304621858467041,20252.38818038897,9.34874074271321,49.78580718103412,2.9174619721889505
890.4940750598907,20.125,19.937,0.57833331823349,1.0409999728202821,1.4254029433846478,5.39573455591768,0.5916666388511658,1.0649999499320983,1.4753948957085612,5.584974592164145,0.2544444501399994,0.45800001025199893,1.403834142225981,5.314087800323651,0.28611111640930176,0.5150000095367432,14.592915686273578,1.0061465135709162,0.2266666740179062,0.4080000132322312,4.252064932647354,0.2931696721501967,0.253888875246048,0.45699997544288634,12.188480236160753,0.8403664599307171,19874.81695526723,9.138633028569812,49.13830685389057,2.900797839093209
897.710410118103,20.125,19.937,0.5811111330986023,1.0460000395774842,1.4358180824399,5.435160127448822,0.5955555438995361,1.071999979019165,1.489975956296921,5.640169884725928,0.2527777850627899,0.45500001311302185,1.3622151819169517,5.156542971780248,0.29277777671813965,0.5269999980926514,15.456446862745288,1.065684915713817,0.22777777910232544,0.4100000023841858,4.393030168044572,0.3028888868142699,0.2566666603088379,0.46199998855590824,12.547611178016663,0.8651276764574216,20020.038335121597,9.608998852336404,49.07447562712919,2.925794038736821
